"member_id","name","ssn","street_address","city","state","zip","phone","date_of_birth","credit_card_no","hash_pin"
"W281078445","Shana A. Galloway","410-11-5188","Ap #413-5684 Tempus Rd.","West Jordan","Utah",36365,"1-939-180-5395","1983-01-06","5412293343153710","C564C8D5"
"O277615338","Gregory R. Bolton","134-43-8189","225-6637 Augue St.","Saint Paul","MN",71262,"1-562-536-1991","1994-11-23","4875237956365790","310CED37"
"F331472412","Lewis X. Austin","027-60-9885","853-1562 Nulla Ave","Helena","Montana",27394,"1-976-519-5456","1992-01-19","379411494842267","3EE51D04"
"D187493584","Walker W. Newton","786-25-8384","258-7128 Sagittis. Road","Lansing","MI",21183,"1-887-459-2913","1965-08-29","5441684275418200","3B65412A"
"R942872522","Maxine X. Hood","744-07-4770","4727 Purus. Ave","Provo","Utah",73967,"1-666-434-5501","1985-04-19","4523518325304700","89E2768C"
"O636321216","Marah I. Le","996-59-6638","706-2409 Nibh Rd.","Fort Smith","Arkansas",72681,"1-789-404-9831","1976-05-30","5476316543310280","BCA06EC2"
"J370432803","Courtney S. Rasmussen","560-53-6423","Ap #407-760 Egestas Avenue","Austin","Texas",83555,"1-442-387-7730","1981-12-21","5423624199230230","EE94E465"
"U610517013","Fletcher V. Guerrero","373-14-3510","Ap #298-2167 Egestas. St.","Minneapolis","MN",39797,"1-957-181-4775","1992-04-12","4853046688347910","3223A266"
"R303637584","Devin E. Perry","690-24-3879","Ap #162-1499 Ante Ave","Miami","FL",44196,"1-833-819-6010","1977-08-06","5495141621080650","5CA254B5"
"G653004997","Aimee G. Keith","448-99-7587","3848 Nascetur Road","Columbia","MO",59192,"1-227-167-9824","1979-05-15","4782832437018870","FD309E77"
"R874927922","Macon F. Browning","458-74-3194","9027 Vel  Rd.","Huntsville","Alabama",35152,"1-650-390-7530","1964-01-07","4816346967158200","DBC6B4B4"
"P256223882","Todd I. David","822-30-5217","Ap #948-6226 Mus. Ave","Aurora","Colorado",30776,"1-236-335-9086","1993-04-10","4516604898687680","38A8A3D7"
"S480033308","Deborah Q. Walker","034-47-5601","611-8481 Ligula. Street","Toledo","OH",40962,"1-844-672-9410","1990-04-27","5491186144340040","C9BF2018"
"J556495035","Bradley E. Moran","722-33-8054","Ap #153-668 Nisi St.","Salt Lake City","Utah",97042,"1-396-556-2560","1989-03-02","370666543769676","8A2CE3D2"
"N470958636","Russell R. Ramirez","262-74-4711","590-8837 Scelerisque Road","Hilo","HI",75949,"1-190-888-4050","1990-06-28","4679198955311160","6972C925"
"H964028895","Pascale J. Carr","727-58-8059","4760 Lobortis Ave","Reno","Nevada",39150,"1-511-498-2822","1971-11-12","5451103535246560","92A6A32F"
"V214333127","Paul A. Rice","490-32-7281","1789 In Rd.","Gaithersburg","MD",10477,"1-650-636-5231","1970-12-21","4258817303472290","A48622B5"
"U504291385","Sierra H. Meyer","349-71-7383","5823 Odio. Rd.","San Jose","CA",90327,"1-869-633-8453","1961-07-19","4412736620563040","4DB4DA60"
"P787976478","Barrett Q. Woodard","611-61-7594","2708 Et Street","Rutland","Vermont",91881,"1-953-321-4403","1964-10-23","374869234406202","387C447C"
"P821453852","Shannon Q. Dale","772-62-7530","Ap #113-4126 Convallis Avenue","Iowa City","Iowa",12861,"1-404-524-6337","1967-04-06","5409229816916990","7E95CEC8"
"F266240332","Akeem H. Tran","059-89-6695","4456 Diam. Av.","Portland","ME",70166,"1-835-543-9221","1986-01-02","5492405487315400","11B0147C"
"N492712612","Kaitlin K. Horn","825-45-4054","4040 Orci St.","Minneapolis","Minnesota",64659,"1-215-950-4885","1989-05-06","4462953603413220","CDF23BA9"
"X650613570","Joan Q. Shields","156-14-0531","687-2676 Nulla Avenue","Rock Springs","Wyoming",53086,"1-432-474-4673","1962-11-25","5498507209369770","999D4933"
"D008584109","Bernard Z. Norris","402-58-1276","P.O. Box 817  4005 Cras Ave","Bellevue","WA",29104,"1-798-335-5816","1973-02-05","379607997708513","D2572EF3"
"C224628997","Nomlanga I. Spears","381-88-3042","Ap #864-1767 Sed St.","Montgomery","Alabama",36263,"1-330-742-9192","1978-10-26","372490876388630","023BB971"
"U930630405","Karyn J. Sexton","591-49-2688","P.O. Box 951  2665 Et Street","Cincinnati","Ohio",57819,"1-770-382-9953","1977-06-08","5476201993348460","1E754257"
"F224073627","Amela U. Copeland","624-81-3038","915-3897 Lectus St.","Laramie","Wyoming",16977,"1-569-360-0529","1969-03-22","373256880392460","CD91C587"
"J687532277","Darrel M. Sampson","406-18-6215","Ap #274-462 In Road","Portland","Oregon",64112,"1-238-349-3509","1989-05-22","5427898901738130","71300A60"
"T405288524","Jayme U. Stein","124-12-3339","Ap #209-5325 Vel Ave","Oklahoma City","OK",37458,"1-734-929-6986","1971-06-02","372357784247273","1B7EBB8D"
"H605574120","Brian Q. Wong","827-55-2459","P.O. Box 130  6876 Proin Street","Frederick","Maryland",41085,"1-162-970-8455","1961-05-02","5462713584224630","D74FE978"
"U274442349","Walker F. Fleming","692-01-6124","P.O. Box 976  8063 Felis. Rd.","Minneapolis","Minnesota",72712,"1-222-350-6936","1995-07-20","5456309873369300","490D3F32"
"B856256905","Blythe M. Lindsay","153-89-9698","Ap #956-6963 Malesuada Rd.","Tampa","Florida",50068,"1-276-807-9412","1979-07-23","378419823118866","5D5653C4"
"X328034452","Denton Y. Duran","978-21-5447","515-9565 Lorem St.","Lawton","OK",40500,"1-626-752-7761","1966-03-06","5411453103866590","B56F9BBA"
"Q735178322","Ebony X. Clemons","845-41-5453","P.O. Box 384  8561 Leo. Street","Columbus","GA",80412,"1-199-972-1390","1976-09-23","4324013058199920","C6D75A19"
"L263608083","Kasper C. Aguilar","576-53-4566","357-4918 Cursus. Road","Jackson","Mississippi",18999,"1-840-836-2102","1981-06-14","5499853211459970","C17EDAAE"
"C976202031","Aileen A. Middleton","447-09-0722","Ap #581-1214 Porttitor St.","Boise","ID",61383,"1-181-822-6300","1989-12-07","376892187251405","914C9483"
"P165819513","Hoyt W. Conner","532-80-5948","P.O. Box 372  8857 Ac St.","Atlanta","Georgia",66385,"1-717-265-2240","1962-07-08","4401665719626790","8A835B9B"
"N601269148","Clark G. Simpson","289-76-5748","Ap #854-9791 Sit Ave","Broken Arrow","Oklahoma",96994,"1-851-662-0654","1983-11-20","377777487513570","EDAF31D9"
"Z754480843","Miranda M. Hull","180-35-8175","Ap #439-5424 Consectetuer Road","Salt Lake City","UT",37608,"1-681-223-5111","1961-09-22","5400587253406230","23147DE9"
"S991735282","Ryan T. Duran","809-99-8421","5729 Rutrum Road","Hartford","CT",46892,"1-229-208-3056","1989-11-24","371130103535081","0FCFB0D3"
"X570354347","Orson M. Mcintosh","353-37-1133","Ap #801-408 Metus. Ave","Lincoln","Nebraska",61527,"1-833-278-1938","1986-03-24","5428208540164310","AEA7C84E"
"A942524979","Amelia N. Greene","545-75-5102","3943 Diam Av.","Milwaukee","Wisconsin",29763,"1-952-500-1734","1971-11-05","4041841031546300","F9CA4044"
"C755171742","Lance M. Tran","100-24-1989","956-4106 Tristique St.","Iowa City","IA",14770,"1-743-904-8218","1964-08-08","5464029803106080","CAB3C9DA"
"Q608012378","Maxwell O. Gay","308-81-3894","1553 Sed  Rd.","Columbus","Ohio",67365,"1-849-892-4100","1985-08-06","5451134753198790","811AF159"
"J622114446","Kaden W. Barr","793-83-9933","Ap #113-6915 Enim. Avenue","Tampa","FL",70467,"1-162-309-0197","1993-04-25","4798031533090110","BB489539"
"H656410700","Orlando X. Vance","109-77-2203","P.O. Box 461  625 Nullam Rd.","Jefferson City","Missouri",30215,"1-661-817-3503","1974-08-21","5483726760359550","B76251F6"
"J350111709","Kareem X. Merritt","036-78-2919","371-4982 Molestie Rd.","Rockford","Illinois",70643,"1-909-183-5082","1987-03-04","4979632127472420","A3AF7B38"
"T116992863","Wylie R. Hale","491-74-2737","1395 Erat Avenue","Lexington","KY",83512,"1-102-133-2611","1994-05-07","5481234363621570","5B359F5F"
"E798798231","Hilda K. Griffin","676-23-0078","806-1801 Dapibus Rd.","Des Moines","IA",62463,"1-624-800-6261","1981-09-24","4681232567756760","7B1A278F"
"L475819659","Xaviera T. Aguilar","820-74-1545","2229 Magna Rd.","Fort Wayne","IN",40747,"1-730-194-8261","1987-06-08","372141965003613","4D01A3DB"
"S910129087","Buffy I. Hogan","128-84-9026","167-598 Pharetra. Road","Augusta","Georgia",70148,"1-415-679-9837","1969-10-23","5472304325838500","B8081C1B"
"A303683701","Xavier J. Yates","423-52-5417","P.O. Box 735  5667 Enim Road","Fayetteville","Arkansas",71029,"1-589-586-0992","1980-06-21","370408791673485","BE4F4B16"
"G403298855","Roanna Z. Good","648-74-0053","4826 Torquent Rd.","Vancouver","Washington",47561,"1-118-803-7368","1993-09-14","5463439605530150","C3CEF2B6"
"X552104459","Hannah D. Suarez","723-59-6222","9996 Mollis. St.","Southaven","MS",21998,"1-984-566-8549","1993-04-08","4532719031376750","19E639B0"
"F674118995","Ryder X. Reed","613-32-5768","P.O. Box 132  6337 At  Ave","Vancouver","Washington",97414,"1-620-798-2421","1987-02-16","5453890314891750","3595DBA0"
"R648727129","Linus D. Stone","022-69-3642","P.O. Box 519  4450 Accumsan St.","Boston","Massachusetts",96566,"1-531-513-1586","1993-11-18","4451622108697210","7A48E12B"
"O304409896","Rashad W. Houston","314-50-0195","721-707 Arcu Street","Colchester","VT",32639,"1-460-386-5444","1967-01-20","4198701417066380","E3E69EAF"
"W358233665","Constance N. Salazar","665-47-4330","P.O. Box 887  6551 Nonummy Street","Lafayette","Louisiana",86019,"1-805-209-2626","1992-05-02","5492763547798530","80F8DED2"
"V362557129","Dillon H. Chambers","409-74-9512","P.O. Box 398  635 Cras Rd.","Fayetteville","Arkansas",72086,"1-564-871-0686","1961-10-07","5416760229317920","B26F2FDF"
"X895649989","Christopher E. Contreras","493-01-4462","6950 Nisl Road","Boise","ID",91678,"1-853-717-4408","1988-09-30","5433391347546040","B6B00475"
"P086698494","Phelan Q. Decker","291-70-6471","914-3613 Vitae Av.","Springdale","Arkansas",72440,"1-710-406-2966","1971-12-26","374134024395202","45DBC5D5"
"L279168294","Scarlet H. Vazquez","017-53-0262","9968 Turpis Street","Kansas City","KS",17283,"1-770-486-4621","1992-12-11","370977411769246","1E454F95"
"P754670426","Seth V. Swanson","119-28-8513","1213 Mauris. St.","Kenosha","Wisconsin",23719,"1-926-369-9919","1994-01-20","4695856864110590","8C6DFAC1"
"S752198278","Sonia C. Morton","468-33-6111","Ap #565-5279 Vel Street","Toledo","Ohio",86298,"1-777-831-0329","1968-03-25","4608533081808840","B50D427A"
"J670936891","Suki R. Cardenas","184-49-3047","P.O. Box 942  398 Nullam Street","Madison","WI",73266,"1-285-142-6698","1985-04-04","5463507974008200","3EE51D04"
"J118838493","Rachel W. Key","739-71-9197","Ap #182-7786 Ut Rd.","Cambridge","Massachusetts",38654,"1-846-672-9150","1988-05-26","376453287287570","88820462"
"Y475570585","Isaiah N. Vang","065-70-0499","4659 Eu Street","Philadelphia","PA",31676,"1-790-561-9735","1976-04-23","5471017604184080","D2388821"
"J371503125","Chanda Z. Rogers","945-64-6837","166-8138 Tincidunt  Av.","Harrisburg","PA",71517,"1-626-482-9478","1989-09-05","5446754577201080","E52477D2"
"N959925351","Lisandra N. Smith","986-93-1307","Ap #517-5477 Accumsan Rd.","Waterbury","CT",21342,"1-268-570-8317","1993-06-01","4666343486226950","53632618"
"S274035230","Colby Q. Baker","366-60-8044","Ap #865-6781 Porttitor Road","Bloomington","MN",57187,"1-950-212-3526","1984-05-16","4457593836028250","12731BE0"
"D413752214","Aphrodite W. Gardner","062-70-7794","Ap #340-6667 Nunc. Road","Lincoln","NE",57271,"1-338-750-3288","1973-03-25","373384259835618","9AE8F17C"
"M196775064","Inez N. Gilliam","676-39-4803","525 Enim Road","Jefferson City","Missouri",18210,"1-975-144-8446","1971-06-10","373231937500033","392ED671"
"Q866311881","Tamara Y. Madden","983-58-5614","9340 Justo. St.","Pike Creek","DE",15167,"1-530-911-2394","1994-08-22","4918026127600230","C54BEA44"
"M095705882","Debra J. Mcbride","306-87-2831","1545 Ligula. Rd.","Miami","FL",46101,"1-923-564-4846","1982-04-12","374733883172250","4AEC429A"
"X035100932","Malcolm O. Mack","539-13-8256","Ap #541-6192 Morbi Rd.","Omaha","Nebraska",19830,"1-761-432-3504","1963-11-13","379574111047239","647711BD"
"H673640931","Ivan O. Sheppard","551-17-9962","Ap #397-2595 Ultrices Rd.","Newport News","VA",16765,"1-479-863-5764","1981-11-05","4208842098715300","5492AB4A"
"U745573536","Fulton Q. Hughes","231-61-0235","750-3376 Fermentum Road","Milwaukee","WI",24737,"1-791-898-1429","1988-02-04","373431813710777","5ABC1CE2"
"H034773706","Geraldine E. Bird","874-47-5745","Ap #266-8737 Enim Rd.","Anchorage","AK",99902,"1-929-459-3709","1976-11-12","378668312155166","DA567B5F"
"Z052169449","Jerry D. Valenzuela","339-99-1662","358-387 Nullam Road","Gary","IN",85123,"1-589-473-5264","1977-03-23","372764127078608","2F351206"
"U395320218","Olga S. Acevedo","540-03-0948","P.O. Box 940  9077 Vulputate  Av.","Bowling Green","KY",14501,"1-848-131-0362","1991-07-24","4233698924731010","DEA1AE86"
"K222742006","Dante W. Brewer","271-02-3113","3302 Donec Rd.","Allentown","Pennsylvania",87946,"1-503-540-9596","1980-07-30","375681047577989","DA2C575E"
"V022273969","Ivory T. Mcdaniel","515-61-9851","P.O. Box 387  8467 Lectus. Rd.","New Haven","CT",72686,"1-955-488-9578","1993-10-03","4227635796276060","2A890496"
"A716348346","Zachary S. Beach","127-35-8014","3968 Nec  Av.","Billings","Montana",97681,"1-677-128-3836","1991-09-04","5455404648064410","043066DA"
"Z238041041","Chancellor G. Schwartz","618-67-7869","Ap #268-6509 Faucibus Ave","Bozeman","MT",75305,"1-590-170-1830","1964-10-13","5429404982777410","CED2D16D"
"X152673489","Barclay Z. Conley","413-36-4231","P.O. Box 321  7069 Nec Rd.","Detroit","Michigan",78009,"1-599-639-1567","1993-04-11","4385684619797830","0B6632BE"
"H457495977","Roth P. Grimes","025-43-2991","6383 Ipsum Avenue","Indianapolis","Indiana",86496,"1-382-463-4206","1965-09-27","4645734523306720","1AFC5056"
"T446414295","Anjolie D. Dudley","586-90-3652","6933 Turpis. Road","Omaha","Nebraska",94117,"1-260-654-0349","1976-08-30","5470012423139870","69E12AD8"
"L617969628","Ashely W. Melendez","000-80-0190","P.O. Box 390  2410 Vivamus Street","Virginia Beach","VA",63896,"1-475-992-4119","1979-05-28","4138943615117370","2AF4DD48"
"I424258080","Cecilia W. Mccullough","312-35-1659","165-933 Phasellus St.","Independence","MO",66413,"1-186-805-3475","1972-05-24","375229829312199","CA0D9E72"
"F581699123","Tiger W. Mcguire","645-49-7903","Ap #742-1450 Id  St.","New Orleans","Louisiana",28131,"1-386-854-0872","1977-09-23","4929136865968160","6DEBFC7D"
"F691672571","Jena J. Benson","297-49-3432","P.O. Box 233  2581 In Av.","Hattiesburg","MS",68113,"1-176-364-3778","1985-09-22","5481428845297950","1A5FD4B2"
"W149016878","Lana W. Combs","454-22-6044","Ap #563-2403 Netus Avenue","Memphis","TN",48554,"1-787-853-2010","1988-09-01","376906042564844","4DFBE272"
"L176765084","Lucas K. Carey","760-91-0486","325-8974 Adipiscing St.","Dover","DE",25835,"1-710-526-1767","1993-12-08","4786039321612700","54A9075C"
"X059559443","Pandora Z. Meadows","572-25-7874","Ap #978-5047 Elit  Ave","Austin","Texas",78891,"1-449-185-8565","1970-12-11","5429107823999650","994AA605"
"M695825861","Igor R. Reed","587-79-2821","Ap #588-3293 Egestas St.","Akron","OH",87998,"1-919-160-6859","1968-01-04","4451590798043210","B480EBAC"
"S601377467","Kameko B. Cooke","108-35-7993","758-6965 Non Avenue","Kaneohe","Hawaii",24457,"1-478-944-3638","1975-12-17","4444659847623040","EAF89DB7"
"V112379704","Indira X. Boone","119-45-1801","621-9379 Enim. St.","Tampa","FL",43923,"1-922-824-8858","1963-07-18","4658502964527580","F6142D19"
"P327522617","Rafael L. Valencia","475-87-7614","Ap #511-5625 Id  St.","Bangor","Maine",39917,"1-406-371-1194","1985-06-07","5477712513014370","B32523D9"
"Z306454676","Fay H. Steele","458-65-0093","P.O. Box 402  3060 Mauris St.","Warren","Michigan",67755,"1-527-783-8948","1992-10-30","372699533486088","67E4B2C0"
"D017820034","Olivia K. Garcia","692-11-2682","P.O. Box 850  307 Purus Rd.","Gresham","OR",90277,"1-739-648-5242","1977-02-10","5478217522619940","96A99D3E"
"B520392260","Laura Y. Bartlett","612-66-6001","423-4204 Malesuada Street","Columbus","Ohio",46833,"1-228-519-4188","1966-10-14","5488893684450830","73690A45"
"V154491127","Shay S. Thompson","519-87-1150","P.O. Box 247  900 Sed  Road","Juneau","AK",99685,"1-431-985-4399","1989-07-17","378870938482003","19D0B0D4"
"S029553383","Scott O. Jimenez","751-37-6639","Ap #674-4911 Id  Rd.","Springfield","Illinois",81877,"1-632-112-4764","1968-11-24","4542281502829520","ED9D0FCE"
"D438235550","Luke F. Levine","042-67-1709","Ap #518-2670 Aliquam Ave","Kansas City","KS",57954,"1-554-813-6469","1971-12-29","4634537896658640","0FD42B3F"
"B033569828","Yvette I. Walker","318-64-9023","P.O. Box 940  7086 Eu Rd.","Annapolis","MD",89782,"1-897-892-8699","1961-03-07","370980423947649","64502D55"
"P737996816","Tatiana R. Shepherd","821-44-1588","Ap #451-9293 Amet Street","Overland Park","KS",12801,"1-335-105-5949","1984-11-01","370764655941402","3EF4BA73"
"X866378965","Rachel F. Daugherty","628-31-8097","Ap #678-5240 Mattis Rd.","Los Angeles","California",91163,"1-372-356-1195","1972-01-26","379963348800301","96AB6152"
"M539518101","Sage M. Guerra","658-12-6068","6309 Nascetur Rd.","New Haven","Connecticut",11689,"1-904-713-7792","1962-06-13","379437067224920","99233BBA"
"Q216905329","Dean B. Buck","364-00-2856","132-5873 Risus. Av.","Philadelphia","PA",45720,"1-721-685-0402","1969-08-25","4055554618021510","2BF20587"
"B410743642","Omar K. Barrett","995-08-0973","288-8916 Laoreet  Road","Eugene","OR",99476,"1-447-680-8704","1988-10-14","5422011070476910","AEF662AF"
"K395753684","Jenette A. Huber","160-49-4767","8176 A Street","Tallahassee","Florida",92973,"1-212-805-8905","1967-10-11","4944499057483280","240E8F42"
"R999131170","Amena G. Reyes","891-24-1385","Ap #700-6937 Justo. Rd.","Dover","DE",60167,"1-892-311-3200","1977-03-11","4682846480374850","6058CE19"
"K842757380","Sylvia U. Singleton","518-37-4102","P.O. Box 351  4386 Proin Ave","Flint","MI",98898,"1-765-258-9234","1974-03-12","4441981463431540","05ADA863"
"K166177433","Mollie D. Meyers","108-30-7568","343-5093 Cursus Road","Eugene","Oregon",39220,"1-555-353-5715","1989-09-23","5442465482649060","ED1311C3"
"Q720915135","Charlotte Y. Ayala","518-57-6831","Ap #755-7610 Massa St.","Owensboro","KY",59723,"1-514-857-2818","1965-11-27","378356369316735","6C318320"
"V085576791","Bert H. Stokes","390-56-7064","147-9682 Convallis Av.","Newport News","VA",88036,"1-810-175-1595","1972-10-16","4156380801377310","AAF68675"
"P342550791","Gloria K. Brady","138-84-6230","3093 Dolor. St.","Laramie","Wyoming",73851,"1-955-245-2914","1981-08-25","4148902668175950","A69B8B11"
"N414390754","Igor X. Whitfield","006-47-4514","Ap #672-4835 Nascetur Rd.","Hilo","Hawaii",88604,"1-247-927-0822","1992-05-25","372373191135153","2564F21B"
"J131534651","Benjamin M. Mayer","429-02-3269","944-428 Eros. St.","Fort Collins","CO",72148,"1-972-405-6725","1988-09-30","4868544438665980","00039A15"
"S806330296","Beck A. Nicholson","622-07-4370","2535 Orci. St.","Anchorage","AK",99563,"1-788-968-3749","1961-04-21","375581067837409","596D0C70"
"P905935924","Skyler B. Donaldson","537-84-7634","977 Elit  Avenue","Butte","MT",34612,"1-250-846-2976","1971-08-15","5463172955978530","37106924"
"Q901582188","Kay W. Lynn","217-05-6418","3716 Semper Rd.","Colorado Springs","Colorado",64647,"1-436-952-2792","1987-03-17","378037834599881","6FC8F95B"
"V580748272","Cameron I. Vang","045-53-3018","260-4155 Senectus Road","Kenosha","WI",64231,"1-251-198-1979","1975-05-23","376746774771282","516454E8"
"D510660263","Jeremy V. Giles","175-53-6864","Ap #783-6186 Fusce Ave","Bowling Green","KY",98694,"1-753-779-0444","1981-07-27","375428580886131","59BE4FFA"
"Y318990397","Armando D. Snyder","683-63-4440","P.O. Box 547  1416 Feugiat Avenue","Richmond","VA",20059,"1-532-228-8426","1978-08-19","5433092177108000","575247F7"
"X099978090","Galvin I. Bullock","089-11-5475","3648 Donec Rd.","Colorado Springs","Colorado",41616,"1-861-221-1017","1964-07-13","5478827745381940","95381568"
"X558144698","Jeanette N. Schroeder","926-87-6222","P.O. Box 354  5368 Massa. Road","Detroit","Michigan",12408,"1-876-411-2317","1983-09-01","4265226331512110","1E37A1CE"
"C015972850","Colton J. Talley","238-28-0648","Ap #807-5465 Suscipit  Street","Knoxville","Tennessee",17844,"1-393-708-0421","1986-04-18","5405870657722360","A4FD355C"
"Q231623708","Zelenia S. Jacobson","578-09-3205","Ap #884-6348 A  St.","South Burlington","VT",57463,"1-767-842-0363","1968-01-06","5413789158336940","9E645831"
"J402344814","Herman E. Fry","045-54-0822","Ap #186-6274 Mauris. Road","Portland","Maine",10928,"1-986-966-3992","1968-01-25","375138820874314","CCE19CC2"
"D708493158","Ingrid Y. Spencer","675-21-3607","Ap #954-1606 Ac Rd.","Olathe","Kansas",58423,"1-547-975-8842","1987-10-10","5420591770478760","D2B7FB53"
"P927601102","Martena O. Dennis","531-42-3823","205-6438 Sit Rd.","Helena","Montana",52550,"1-490-363-9131","1965-03-23","4355141949009780","27D73D98"
"S071523067","Wallace E. Baird","240-36-9691","Ap #730-903 Eu  Rd.","Covington","KY",38514,"1-560-977-3124","1993-05-21","373047808927194","06DE973B"
"X783067823","Yuli K. Barr","742-81-8263","464-1641 Risus. Rd.","Virginia Beach","Virginia",44229,"1-746-389-5794","1971-11-25","5443317358988680","2FE8980F"
"E620580752","Kenneth R. Talley","321-92-2376","1587 Lorem  Avenue","Juneau","Alaska",99745,"1-664-897-2589","1977-09-07","373610140726397","B548AD97"
"J106217658","Hasad W. Ramos","806-34-8217","P.O. Box 552  8619 Ante St.","Worcester","Massachusetts",53672,"1-941-180-3966","1973-12-23","5490888586319670","CC2632D8"
"S224811005","Dillon Q. Myers","649-20-8641","6053 Volutpat. Road","Birmingham","Alabama",35102,"1-249-469-9239","1991-08-01","378766456915331","A169D1CA"
"E147577051","Henry W. Mckay","732-30-2615","8122 Eu  Rd.","San Diego","California",91019,"1-858-549-4249","1973-02-19","5419991341023850","DB6529E9"
"L108935300","Laurel L. Gomez","653-19-9039","P.O. Box 167  5708 Nisl. Rd.","Frederick","Maryland",41001,"1-279-527-3507","1968-07-15","378746238231635","C2C49E73"
"Y171875526","Shelby H. Kaufman","939-49-6179","8337 Cursus Avenue","Green Bay","Wisconsin",95210,"1-644-658-2137","1980-10-15","371925508687491","BC7D252A"
"D959214144","Rhoda R. Rutledge","541-37-2247","P.O. Box 981  1738 Faucibus Avenue","Virginia Beach","VA",35709,"1-765-519-3660","1968-08-25","4463161398900450","AD7150F0"
"X281299844","Chantale V. Young","294-49-6435","195-1112 Enim. Rd.","Montpelier","Vermont",60888,"1-155-467-0758","1980-04-05","5486936103306770","1ED51855"
"B429920208","Donovan F. Sparks","796-38-5165","P.O. Box 829  3974 Donec St.","Baton Rouge","LA",82625,"1-379-462-0923","1978-04-19","373003908445950","D8639C21"
"C934523904","Raya K. Freeman","529-18-4680","Ap #492-2733 Ut St.","Helena","MT",57302,"1-467-662-6469","1972-12-25","5477016355885760","741E92BE"
"F985857320","Teegan H. Simpson","726-85-2459","477-5573 Mi Ave","Harrisburg","Pennsylvania",91594,"1-346-229-8551","1992-08-03","4049477409915720","3EF58410"
"X523905566","Kato P. Cortez","619-47-2217","Ap #380-4243 Enim. Rd.","Evansville","IN",16546,"1-586-359-0553","1964-05-24","372202712059046","73A2AF88"
"V253800642","Ora X. Mitchell","495-72-1156","8442 Malesuada Ave","Seattle","Washington",46192,"1-762-293-5569","1981-09-09","5412273101864370","1089C7C8"
"C895940404","Macey B. Suarez","239-61-4883","Ap #824-7344 Eget St.","Lakewood","Colorado",36496,"1-815-390-6620","1969-01-11","379655702688406","9BF785E9"
"Q558082028","Martha Z. Peterson","964-24-0891","P.O. Box 306  5891 Eget Rd.","Ketchikan","AK",99790,"1-718-257-3441","1974-05-14","5475878017867120","3B769FD2"
"R340655590","Brody K. Flynn","500-01-5674","228-3095 Nec Avenue","Cedar Rapids","IA",91044,"1-120-574-4071","1966-02-28","5463993464269870","AF082B61"
"Q528821173","Garrison K. Daugherty","673-95-4840","P.O. Box 448  8632 Magna. Av.","Madison","WI",13812,"1-840-585-9810","1977-07-24","372242105433454","8A541E40"
"H650274712","Kai U. Ortega","911-06-1343","9608 Magna. St.","Lafayette","Louisiana",46479,"1-459-112-4280","1983-06-15","5414859452613330","AF0F1AD0"
"C513919686","Leila A. Dickson","626-99-7889","P.O. Box 382  8972 Amet Road","Broken Arrow","Oklahoma",11190,"1-203-296-7202","1994-12-12","379278445700519","05734F84"
"O534745340","Rose X. Madden","741-45-4422","Ap #910-6941 Malesuada Rd.","Bozeman","MT",15834,"1-103-368-3606","1975-03-07","375554015567986","7F80E6CA"
"R079730548","Cade A. Horne","794-16-2755","Ap #964-222 Phasellus Road","Owensboro","KY",91438,"1-169-294-6911","1975-12-17","5457236529383840","F8D64A31"
"D468488367","Wallace R. Spears","078-52-5607","P.O. Box 361  4187 Convallis  Avenue","Savannah","GA",12743,"1-573-459-5674","1972-02-09","4728464588993860","43851F52"
"P939289545","Honorato Z. Martin","128-55-1828","938 Blandit Road","Phoenix","AZ",85527,"1-586-190-6346","1974-02-07","5471056331978660","DCDA1128"
"E330868793","Grace Z. Buckner","782-23-6830","P.O. Box 380  279 Nibh Road","Fairbanks","AK",99898,"1-546-269-4226","1983-11-30","4597228809369670","6DEC14B3"
"E656251355","Leigh S. Barton","235-57-9595","2250 Natoque Road","Carson City","Nevada",56807,"1-352-759-4129","1965-10-04","371459527557847","822A965F"
"E947757746","Galvin O. Jacobs","268-80-6747","Ap #508-6410 Sollicitudin Avenue","Savannah","GA",66733,"1-678-575-1749","1965-02-11","5494380689763570","BAB13030"
"Q362154698","Donna W. Clark","217-94-3468","2162 Senectus Rd.","Fort Collins","CO",69289,"1-547-979-3602","1971-06-15","372337145593147","4BC5B5C0"
"C189091883","Tucker Y. Lowery","587-12-3838","899-6108 Feugiat St.","Worcester","MA",23659,"1-325-107-6368","1980-01-07","5482276754587270","5B761850"
"N681741906","Dennis H. Melton","475-95-8251","871-9316 Nullam Rd.","Savannah","GA",32189,"1-424-592-5370","1960-09-02","5465341118725050","0FC0FE57"
"D109958775","Jescie A. Bryant","449-07-9562","Ap #949-3686 Convallis Av.","Norfolk","Virginia",36086,"1-919-192-2501","1974-08-09","5460537928093750","F6D626A4"
"P553737709","Abigail T. Tyler","521-73-5151","Ap #541-9786 Eleifend Avenue","Orlando","Florida",10948,"1-148-685-9959","1985-08-13","372776824343326","402AD930"
"Q072938370","Orla T. Strickland","473-01-9871","829-9191 Proin Rd.","Portland","Oregon",12104,"1-431-720-7177","1970-09-24","5415261466664460","92C5FD04"
"M292775889","Casey W. Jennings","500-71-2571","476-4285 Ut Road","Biloxi","MS",82546,"1-576-455-3108","1995-04-20","4971011040172860","131B0C35"
"G883041313","Ivan B. Hansen","139-63-0777","8611 Amet Rd.","Orlando","FL",88347,"1-247-599-2474","1988-10-06","370674364468937","AEE651BE"
"G863574684","Tanisha V. Wynn","550-31-1813","P.O. Box 955  6395 Laoreet Rd.","Bellevue","NE",68202,"1-345-251-4301","1967-12-16","5450021637390300","AA2503CA"
"C330512524","Catherine M. Trevino","794-85-5057","972-4513 Malesuada Ave","Gillette","WY",21376,"1-522-221-6963","1983-10-18","5448252495158490","1744784D"
"D986034226","Ezekiel J. Baker","068-47-8765","5868 Curae; Ave","Davenport","IA",25161,"1-759-438-9260","1972-04-25","4912593074046950","A2258FFA"
"W910250319","Amanda R. Herring","388-92-8958","3896 Metus. Ave","Naperville","Illinois",15698,"1-387-454-7893","1971-02-04","5445335170306080","C863F0B0"
"F595130907","Walter Q. Patterson","827-85-4718","P.O. Box 741  8191 Venenatis St.","Birmingham","AL",35339,"1-965-111-0599","1993-03-01","4215495477273480","FDDC599A"
"Z964259125","Thor U. Owen","743-94-0505","501-7595 Dignissim St.","Carson City","NV",40061,"1-544-982-7545","1967-11-03","4582119877084980","8FF40B10"
"Y567163879","Patience D. Rocha","581-42-5390","P.O. Box 261  3669 Dictum Av.","South Bend","Indiana",73206,"1-505-634-5276","1973-04-15","4216388520004800","5F72FD7C"
"Q226472253","Susan Q. Williams","199-51-7619","Ap #489-9108 Ante. Rd.","Cleveland","Ohio",84804,"1-686-524-4387","1965-09-24","5444096831727980","BE6EAFB2"
"D120743052","Ignatius U. Kennedy","777-20-1967","636-5213 Semper Ave","Biloxi","Mississippi",88852,"1-525-727-8365","1984-01-21","5453794878559320","450D7F44"
"P789319639","Emi B. Middleton","032-37-9647","1197 Dolor. Street","Gaithersburg","Maryland",84182,"1-779-611-0804","1982-11-20","4235965476821690","251851F4"
"X160014683","Ima B. Bradford","379-24-9540","6235 Magna. Road","St. Petersburg","Florida",44518,"1-927-549-4875","1961-03-29","4355171690241670","EF2D127D"
"H292255325","Logan V. Vazquez","800-36-3990","Ap #366-115 Tellus Avenue","Grand Rapids","MI",52944,"1-148-225-9752","1972-07-05","5421891562201060","31205596"
"K534461770","Remedios S. Blackburn","243-95-2416","7795 Vel St.","West Valley City","Utah",64020,"1-665-771-6932","1968-01-08","4570498295212420","D4E25017"
"W203292523","Kendall T. Blankenship","883-22-6535","P.O. Box 687  1890 Lobortis St.","Augusta","GA",65485,"1-671-560-3238","1979-07-27","4548884947576590","77E359E4"
"P331634585","Ariana W. Fleming","731-15-9607","Ap #400-1005 Sapien Rd.","Fort Smith","AR",71323,"1-340-871-0892","1974-04-17","4578067808355520","B874ED7F"
"M310431668","Oprah W. Watts","632-36-6909","6043 Tincidunt  Rd.","Baton Rouge","Louisiana",92979,"1-163-396-8708","1968-05-29","4701918936226320","6BC6B0F5"
"N869044978","Jamalia Y. Vasquez","999-08-5851","P.O. Box 545  2586 Bibendum. Ave","Jefferson City","MO",86057,"1-137-910-2955","1973-05-15","4730754087518590","56F4DA26"
"N697141811","Flynn H. Torres","414-17-8979","1232 Congue Rd.","San Jose","CA",93478,"1-188-475-0546","1968-06-12","4877341758053820","9A35532C"
"F035318579","Alvin O. Small","141-26-0291","Ap #602-6741 Nascetur Road","Bridgeport","Connecticut",74490,"1-775-348-9126","1989-10-15","4498040723239010","98B9B1A9"
"T004824717","Charlotte K. Wallace","241-67-0862","4325 Libero Rd.","Saint Paul","MN",23354,"1-360-498-8792","1985-07-14","4771805205903130","284C8D98"
"Z875135295","Maia Z. Hewitt","303-73-8238","Ap #361-8704 Nec Ave","Ketchikan","Alaska",99518,"1-866-523-8507","1973-07-03","375392172267509","93654B45"
"G187672082","Beatrice C. Love","355-14-1667","P.O. Box 300  9407 Elit. Av.","Gulfport","Mississippi",72458,"1-542-601-8692","1985-01-20","372740306142484","F9A75ECB"
"T340698624","Maxine R. Nixon","631-94-0010","500-5034 Nunc St.","Honolulu","Hawaii",49243,"1-909-652-6330","1980-10-06","372017088755119","E19E28FD"
"Q804600293","Cally O. Perez","785-97-1057","896-750 Natoque Street","Allentown","Pennsylvania",45056,"1-772-768-0351","1978-06-16","379759670004929","F53C1AD5"
"E364388323","Arsenio J. Charles","012-98-0097","Ap #753-8337 Rutrum St.","Ketchikan","Alaska",99607,"1-707-228-0216","1974-07-15","377292972201288","DD6103B4"
"R198124813","Laith Q. Case","898-88-0933","3428 Enim Rd.","Cincinnati","OH",15059,"1-619-134-1212","1975-03-16","377158451330759","D742EE1F"
"T049751997","Blair Z. Romero","547-35-8826","366-2882 Ad Ave","Virginia Beach","VA",81682,"1-792-134-5284","1967-05-26","5426016186486200","D46D8503"
"X617116693","Haley I. Snyder","613-70-3671","865-9171 Nibh. Rd.","Iowa City","IA",82316,"1-732-193-1922","1991-07-30","5447403896223920","24A72076"
"M878152194","Lavinia X. Rodriguez","457-51-2854","Ap #275-7274 Nunc Street","Fayetteville","Arkansas",72561,"1-221-732-6385","1979-12-30","5426534982694520","4BC5B5C0"
"O006666240","Joy S. Houston","211-88-1446","174-1642 In Street","Rockville","Maryland",93130,"1-328-152-7389","1979-06-07","5405678690900750","475416C1"
"T374428821","Brennan E. Vaughan","874-43-2870","P.O. Box 204  419 Proin Road","Austin","TX",14351,"1-451-379-0689","1994-12-01","4959637419570510","096012B7"
"H356400348","Riley Q. Wheeler","641-41-8325","385 Iaculis Road","San Jose","California",90252,"1-559-598-1231","1986-07-16","5427493271403180","3A3A9989"
"W393154166","Uma X. Bradshaw","259-21-8140","P.O. Box 567  2843 Id Ave","Great Falls","MT",10091,"1-535-380-3224","1988-06-11","5498205865061050","A176EEB3"
"Z195516353","Austin L. Mendoza","010-99-0254","Ap #670-1205 Risus Rd.","Joliet","IL",51093,"1-906-619-2868","1987-11-05","371354389534219","BEF1552C"
"F208945521","Kaseem F. Ruiz","389-27-6378","Ap #560-2451 Nascetur Av.","Hillsboro","Oregon",57885,"1-370-759-9716","1976-02-04","4893430068881140","0EAA69A1"
"N623683981","Vladimir C. Michael","107-67-3248","5000 Nec Ave","Shreveport","LA",80163,"1-758-226-6510","1960-06-30","377771518916078","7C4E3E51"
"A136115037","Aubrey W. Moss","793-64-8172","P.O. Box 855  8288 Ornare Road","Denver","Colorado",74186,"1-455-822-0311","1961-09-02","4931133454960000","AB1CF2AA"
"W544438531","Whoopi O. Hobbs","513-54-8016","P.O. Box 135  2359 Dui  St.","Springdale","Arkansas",72762,"1-561-203-7632","1992-06-18","378847270607775","72C2A3E4"
"W964942288","Moses L. Britt","723-71-6057","1520 Nam Rd.","Lawton","Oklahoma",79677,"1-904-540-7513","1975-04-13","4420120180140950","29B159F5"
"F913994601","Kimberley F. Small","565-68-8602","308-9611 Ridiculus St.","Lexington","KY",32223,"1-858-748-0137","1965-07-02","372711514608484","15E31B3B"
"N394982267","Ima K. Shepherd","444-00-1949","P.O. Box 206  7603 Ac Av.","Minneapolis","MN",73632,"1-875-900-9897","1968-08-20","5481463229400860","887751BB"
"N586662278","Yoshio H. Riley","761-50-7842","473-422 At  Ave","Bridgeport","CT",96839,"1-784-127-9833","1962-11-14","378246210750978","FCC687CA"
"P736297312","Steel P. Peck","552-67-0026","Ap #733-3840 Mauris  Road","Spokane","Washington",90496,"1-662-725-6546","1965-04-23","376525700317431","8D0C7EEC"
"P906657969","Aurelia C. Oneal","816-16-1709","P.O. Box 815  8228 Ad Street","Annapolis","MD",69011,"1-956-439-2623","1989-10-24","376243881778509","5C344BA7"
"K572385037","Lillian R. Solomon","577-41-2799","7686 Orci Rd.","Seattle","WA",74204,"1-161-480-5318","1980-09-20","5450084085360110","29DB0C67"
"G449960863","Hamish H. Small","194-84-1854","P.O. Box 761  2287 Risus Street","Wichita","KS",59743,"1-864-119-0694","1989-09-30","4555789498629760","41EF81D7"
"R142623452","Echo H. Bird","158-52-5631","2979 Natoque Ave","Lowell","MA",67682,"1-528-137-6951","1961-09-04","5430587097990650","8379C02E"
"R779410229","Nash R. Rich","640-93-2981","9121 Aenean St.","Provo","Utah",39732,"1-671-665-3223","1972-10-28","370637977217287","C3938F1B"
"Z056092194","Hedda T. Meadows","555-57-6958","1086 Sit Rd.","Pocatello","Idaho",85402,"1-334-447-6030","1974-01-04","378278368750443","80D1F44E"
"G891450519","Ariana N. Odonnell","891-23-1514","194-7476 Sed Av.","Chicago","Illinois",54884,"1-357-887-1916","1989-11-30","379821806018103","B2F1EF6F"
"F297427171","Lavinia D. Greene","784-05-1190","Ap #938-5011 Facilisis Rd.","Harrisburg","PA",62444,"1-540-933-5371","1983-01-08","5476120193786710","B303D8F8"
"V781035376","Myles D. Cox","561-47-9575","147-1645 Ipsum. Street","Henderson","Nevada",85598,"1-887-613-5298","1966-02-04","371445704330430","627A3CC3"
"Y575742466","Chanda F. Sanchez","382-57-3260","642-8161 Fermentum Rd.","Baton Rouge","LA",62522,"1-917-217-0279","1970-02-03","377822086964026","ED946F65"
"E655193032","Mariko C. Mullen","093-69-9371","621-9555 Sed Ave","Glendale","AZ",86356,"1-420-323-1975","1990-01-17","4980870002006860","43D59968"
"J733776204","Fuller O. Livingston","019-58-0395","Ap #359-1643 Sit St.","Gary","Indiana",31662,"1-232-591-8605","1989-10-20","4093916601519280","D0AB864A"
"N822887710","Brynn W. Hyde","826-32-7167","492-8074 Neque Avenue","Grand Island","NE",85650,"1-607-129-3437","1964-10-02","370426086203784","E609D533"
"Z504577101","Sopoline O. Flynn","564-55-2965","Ap #101-1709 Diam Street","Chandler","Arizona",86815,"1-143-970-2177","1975-03-30","5404440209907840","BB08DEAE"
"W363479480","Lee Y. Porter","024-56-1668","P.O. Box 779  8185 Velit. St.","College","Alaska",99950,"1-277-958-3441","1969-02-02","373130423579899","FF108B68"
"Y266807072","Alexander Z. Harvey","766-89-5198","179-5589 Blandit St.","Olympia","WA",79296,"1-995-799-6161","1994-10-13","5475093355444240","8B449B33"
"B592775134","Finn B. Haynes","710-34-3742","P.O. Box 851  1472 Ut  St.","Fresno","California",90299,"1-575-998-6025","1969-05-22","375446931739955","39E71545"
"Q527899832","Ina S. Pope","308-58-0129","3242 Urna. Rd.","Colorado Springs","CO",32228,"1-873-556-6368","1992-04-25","4023787315980530","DEE71B93"
"L454029806","Zoe R. Peters","103-97-5776","5302 Orci. Av.","Racine","Wisconsin",58115,"1-666-436-3846","1993-05-14","4320626381612120","FD945D13"
"I153938507","Francesca P. Hogan","806-21-1707","Ap #512-6022 Amet  Rd.","Tucson","AZ",85500,"1-395-410-5142","1995-01-20","5414377175929320","88CF9864"
"A548206932","Keegan D. Terry","605-86-1428","5692 Sed Ave","Kaneohe","HI",91486,"1-405-480-2588","1980-06-04","5447097871617690","291E5716"
"F454548018","Dorothy I. Mitchell","290-25-3834","2943 Class Road","Tallahassee","FL",16650,"1-498-438-5544","1994-06-27","4591582760544700","4BABC876"
"D572514581","Marny O. Best","336-60-5359","8465 Sem Avenue","Denver","CO",42455,"1-785-698-3282","1968-11-26","4057279634184190","1A021E54"
"Q829358790","Mason P. Cain","695-26-2306","Ap #451-4998 Felis  Av.","Fort Collins","Colorado",82284,"1-619-772-0413","1979-08-02","373102306578677","551FD106"
"H839385607","Ramona Z. Acevedo","065-28-2761","8513 Adipiscing Rd.","Portland","OR",12184,"1-813-457-1578","1987-08-19","5426070613466000","C24CF8D3"
"N145205431","Timon U. Herman","871-97-3406","P.O. Box 304  9394 Risus. Rd.","Newport News","VA",34494,"1-519-124-2660","1987-11-28","4702428865010070","E359AB29"
"N694185011","Juliet X. Poole","693-10-1730","809-8818 Et  Street","Kearney","NE",35783,"1-694-549-2854","1962-01-01","4043700131341310","ADB736C8"
"G784425378","Noelle H. Preston","931-69-8325","Ap #305-1989 Congue  Street","Metairie","Louisiana",93519,"1-329-167-8508","1976-01-03","5468886174016280","35A9E381"
"U560158933","Rana M. Hurst","843-13-3540","P.O. Box 115  4512 Risus. Street","Juneau","Alaska",99511,"1-727-590-6520","1988-07-22","374012110752201","F5C34D91"
"J971937032","Isaiah L. Campbell","610-03-1336","Ap #940-6583 Fermentum St.","Lexington","KY",59415,"1-930-535-0639","1967-09-20","4722254606253290","A04F132C"
"P370901201","Cody A. Bryant","220-67-9428","7798 Diam Avenue","Henderson","Nevada",69455,"1-385-657-4676","1966-03-19","4109832507356930","7EDFA8B7"
"K897372897","Alyssa I. Rollins","431-50-5255","5350 A Rd.","Lincoln","Nebraska",57040,"1-297-610-7869","1982-08-30","375204991563000","61182F39"
"P354580432","Cairo P. Lester","972-57-8438","499-5652 Sem Av.","Annapolis","MD",68608,"1-782-904-4406","1967-06-09","379315944801366","A08C5CFF"
"Q190436700","Kendall Y. Cooper","435-60-1901","5351 Vulputate Av.","Honolulu","HI",95380,"1-337-796-3455","1979-12-16","5415646505636110","7234FC78"
"Q208815356","Warren P. Gates","587-54-3240","814-3943 Quisque Rd.","Lewiston","Maine",79589,"1-460-861-6366","1974-06-05","4265338348579910","3E6FADF8"
"K196767329","Sloane I. Mcintosh","138-94-2811","2349 Auctor Av.","Portland","Maine",95030,"1-698-133-4587","1978-12-26","5438225283570190","F71CBFCE"
"X362156908","Rogan A. Edwards","796-10-0953","P.O. Box 195  8689 Fringilla Av.","Lowell","MA",50339,"1-118-259-1147","1965-12-19","5422062759249110","7B3AB93B"
"K657554101","Tara E. Mosley","396-19-3323","P.O. Box 946  6538 Praesent Rd.","Nashville","Tennessee",89695,"1-645-736-3701","1963-11-27","4212955244970970","68AC846D"
"W502257986","Hiroko O. Knox","128-74-6128","Ap #673-1263 Phasellus Av.","Miami","FL",21026,"1-849-507-7455","1991-03-09","5430939494730570","2CFC8CCB"
"A624146377","Guinevere F. Floyd","811-96-4726","P.O. Box 569  5763 Ipsum. Av.","Juneau","AK",99832,"1-103-556-7169","1969-01-11","5464221536927270","B7E30766"
"F514540277","Jack T. Melendez","156-14-4195","Ap #229-4416 Cubilia St.","San Jose","CA",96278,"1-322-332-9519","1976-06-14","5410289418869110","E4F30145"
"V313269938","Lara N. Odonnell","085-85-8298","P.O. Box 438  2507 Ut Rd.","Minneapolis","MN",46157,"1-323-261-0030","1978-06-22","5449951230797740","E78ADE91"
"B371088310","Felicia Z. Flynn","504-05-6654","2001 Donec Street","Davenport","Iowa",11510,"1-885-543-5919","1965-03-09","4728941561725330","8A8B6089"
"M402997981","Boris T. Gardner","704-79-0467","Ap #570-9848 Ipsum. Rd.","Green Bay","WI",72602,"1-204-338-9885","1995-10-02","4359781685910220","53632618"
"T066734375","Risa Q. Weber","661-30-5668","508-4713 Eget Ave","Montpelier","VT",25319,"1-394-809-6475","1982-03-04","5425636413596620","F0D18BBE"
"Q430833273","Sarah F. Payne","728-75-2840","P.O. Box 243  596 Volutpat St.","Tucson","Arizona",86764,"1-890-512-7297","1970-01-21","373627386730480","A5ABB150"
"S953498446","Devin R. Floyd","172-77-3135","Ap #441-6165 Eu  Rd.","Dallas","Texas",33393,"1-627-474-3092","1980-08-22","370175761579125","2E27BB07"
"D282834508","Josephine S. Rush","360-86-0968","778-8255 Convallis Avenue","Bear","DE",22998,"1-329-801-8102","1981-07-27","4730646127377510","0C5F6408"
"M734543430","Scarlett P. Jensen","801-69-4053","622-4052 Eros Rd.","Spokane","Washington",25054,"1-600-544-6068","1980-07-03","4527267595853040","3D216E1F"
"O895232761","Neville Q. Santana","454-07-3748","P.O. Box 756  7901 Ante St.","Cleveland","OH",91201,"1-261-157-0534","1975-04-27","5427940959686890","23293A9A"
"P598233216","Branden S. Shepard","512-98-7203","442 Dolor Road","Saint Louis","MO",65734,"1-542-370-1421","1995-05-09","4299960358426650","DEA1AE86"
"G002566252","Martina O. Bright","563-49-7991","Ap #390-5571 Consequat  St.","Allentown","Pennsylvania",53958,"1-127-623-6687","1969-07-18","5422517474852700","89CFCEA2"
"K028460589","Jade M. Hanson","864-77-5826","P.O. Box 665  4216 Magna  Av.","Eugene","OR",32670,"1-575-189-8664","1960-09-19","5443365598921430","DA2C575E"
"X840312815","Chiquita C. Hays","121-73-9308","8339 Orci  Rd.","Tucson","AZ",86852,"1-547-173-5624","1989-03-11","370369963232172","8F7D5178"
"X115541699","Wesley H. Kaufman","840-64-4792","455-5037 Ante St.","Bellevue","NE",73863,"1-644-717-4253","1970-10-29","5429070921758120","24D151E6"
"D200048893","Carly J. Morrison","745-25-5359","179-3203 Non Road","Sioux City","Iowa",25323,"1-592-112-8270","1983-05-10","5471329717115980","376F9BD4"
"V038264864","Stella V. Kaufman","509-92-3148","581-1455 Amet Road","Covington","KY",65914,"1-389-199-8643","1977-05-20","4101621959884550","D54F809B"
"G216083380","Martina Y. Macdonald","578-03-9743","P.O. Box 699  801 Tincidunt Av.","Cleveland","OH",13714,"1-304-224-0791","1994-10-23","377945105523580","FA66DF2F"
"J633089266","Keiko X. Deleon","079-87-4612","P.O. Box 211  5986 Nullam Av.","Lafayette","LA",21334,"1-850-565-6237","1982-09-12","4526139961573780","DE3DACA6"
"G429695345","Bianca P. Odom","790-11-3948","P.O. Box 260  5684 Nunc St.","Milwaukee","Wisconsin",28187,"1-842-716-6799","1960-03-26","4478522775257430","EB4EA223"
"B027182403","Marah G. Mueller","441-60-3182","Ap #833-1628 Orci. Rd.","Wichita","Kansas",44733,"1-754-743-3756","1967-06-28","372099774320739","6C64A67B"
"W620248181","Vladimir R. Drake","792-27-3039","7464 Nec Avenue","College","Alaska",99967,"1-225-245-6950","1960-06-22","5459682829196030","B11B916A"
"O985120966","Winifred E. Bailey","829-37-9414","P.O. Box 204  1947 Malesuada Street","Bloomington","MN",74303,"1-851-764-6081","1976-04-22","5476165214608980","C5012FB6"
"X932772293","Holly F. Alexander","173-83-1734","Ap #676-3058 Convallis St.","Akron","Ohio",58021,"1-268-652-8418","1973-10-17","4734966026754900","19D62F0F"
"J232521087","Phyllis L. Maynard","675-39-9208","P.O. Box 291  2413 Pede. Av.","Chesapeake","VA",45765,"1-289-861-9391","1969-02-03","4383938984755410","4708F9C6"
"C105581144","Julie Q. Cooley","596-13-5898","Ap #350-5894 Nulla. Ave","Boston","Massachusetts",83499,"1-368-237-0644","1979-04-28","4336628487222490","F14E5D19"
"H861805432","Kylynn J. Dunlap","755-19-2162","P.O. Box 871  2954 Aliquam Road","Saint Paul","MN",57918,"1-304-360-5192","1962-06-11","5418561160188980","96CD0EAA"
"Z930141966","Susan P. Miles","590-00-6807","1521 Eget St.","Fort Collins","Colorado",37734,"1-626-814-8292","1978-07-26","377595584292132","B9F981EE"
"B061532265","Bianca W. Walton","046-04-2629","Ap #928-5003 Sed Av.","Rochester","MN",93848,"1-316-854-2850","1973-08-04","4012754875134580","432D5FE6"
"D426265208","Benedict G. Mays","902-56-7469","P.O. Box 835  4700 Sed  St.","Colorado Springs","Colorado",95577,"1-468-223-6521","1975-05-14","5467325544606560","323FAA65"
"F073229641","Joseph E. Trevino","924-59-1400","6076 Libero St.","Indianapolis","IN",24086,"1-615-694-9668","1994-09-21","5447449254192970","52088262"
"P958752237","Quemby F. Guerrero","213-82-7089","P.O. Box 951  2913 Vivamus Rd.","Fort Worth","Texas",14771,"1-919-470-1451","1960-08-05","5403436675321650","46C25396"
"P371562484","Tanya T. Dyer","727-05-7266","Ap #650-4964 Cras Rd.","Lawton","Oklahoma",48875,"1-890-980-2641","1986-11-03","4029867068210710","A3B4F619"
"C408745087","Beverly D. Ware","201-21-8373","Ap #434-3994 Turpis Street","Gulfport","Mississippi",34573,"1-913-320-3313","1975-03-20","4644471707513610","3673B82B"
"K312851774","Arthur A. Short","295-32-4014","6268 Odio. Rd.","Laramie","WY",39217,"1-735-448-1592","1981-12-20","5459421897982360","5CA452A0"
"X635412320","Eleanor F. Holmes","521-74-4275","P.O. Box 599  2605 Erat Ave","Mobile","AL",36622,"1-336-364-5160","1963-06-27","5457613217745900","1D28C120"
"K690756704","Quentin L. Armstrong","866-68-2021","6823 Aliquet Street","Naperville","IL",99937,"1-611-703-0951","1984-08-29","4839625341454170","DD9AEB02"
"E925681613","Joel B. Gilliam","001-22-7860","7710 Quis  Street","Fort Worth","Texas",18994,"1-143-165-2984","1972-12-13","5497005678174210","D59ECED1"
"J187682171","Alana L. Ramsey","775-65-6523","208-7501 Porttitor Ave","Gary","Indiana",17504,"1-908-836-1631","1994-09-19","5420374151917020","F24F1A64"
"U270460345","Calista M. Wilkerson","938-13-0953","P.O. Box 131  8399 Dictum. Rd.","Aurora","CO",38082,"1-197-419-2528","1969-06-24","373544693003838","2C56403F"
"C742878565","Desirae M. Snyder","637-40-9808","Ap #417-6484 Ut Ave","Philadelphia","Pennsylvania",72079,"1-144-740-8253","1968-01-19","372255797714805","3191FFAA"
"L028743867","Aurora S. Gamble","361-80-4283","P.O. Box 739  1271 Parturient Av.","Colchester","Vermont",60370,"1-209-804-4537","1974-03-30","371831639236694","AF1A5285"
"E965112615","Fuller U. Levy","893-37-5932","P.O. Box 335  1410 Amet  Rd.","Houston","TX",24371,"1-375-527-8867","1965-12-09","4630870505194180","A2075145"
"I001698233","Yetta L. Flynn","019-22-9608","P.O. Box 639  7146 Vivamus Rd.","Wyoming","WY",49279,"1-376-566-8590","1964-05-16","5425227717246700","0F4121D0"
"K081576504","Lamar T. Pace","320-85-0566","4516 Tempor St.","Philadelphia","PA",88033,"1-837-323-0108","1971-07-27","4654133816537420","8FF9538E"
"X258354137","Meghan N. Lindsay","701-53-7206","6957 Magnis St.","Laramie","Wyoming",63281,"1-281-332-5283","1979-09-22","379288832320216","015287FC"
"M219367168","Aubrey H. Stein","635-85-7589","8944 Sed Avenue","Rock Springs","WY",27878,"1-870-733-1703","1986-11-17","4303394347108350","E5EE439A"
"Q002453142","Alvin P. Clements","778-07-6129","685-2110 Sed Street","Rutland","Vermont",30703,"1-350-642-6465","1969-12-14","378373969895545","ECDF4065"
"S815846686","Austin G. Watkins","064-11-0773","5887 Risus. Street","Shreveport","LA",77338,"1-221-678-1294","1987-01-12","378480817370153","54ADB094"
"D941613041","Hedda X. Snow","569-10-8857","P.O. Box 144  6749 Ultrices Rd.","Tallahassee","FL",99895,"1-234-168-7997","1971-05-30","5422160384240120","4C7F5870"
"Q077234891","Kay G. Bryan","438-36-5193","P.O. Box 131  7859 Cursus  Av.","Naperville","Illinois",61636,"1-761-264-6352","1960-11-11","4344464975113360","336120F1"
"Q935335253","Hedda U. Robles","154-28-8232","3579 Gravida. Av.","Tampa","FL",65824,"1-378-434-2544","1966-03-30","375250550567891","E593B323"
"Y009159279","Jennifer R. Jimenez","106-48-1381","P.O. Box 738  515 Venenatis St.","Portland","Maine",59762,"1-825-105-0899","1973-05-09","4259627751743720","45D1BF54"
"O014235466","Sydney A. Dale","698-62-0929","779-9508 Tellus Ave","Rock Springs","Wyoming",27444,"1-352-740-5291","1966-01-26","4837621137612910","F37FEA62"
"R907824480","Troy H. Burt","446-07-3154","P.O. Box 232  6168 Cras Rd.","Bellevue","WA",45495,"1-935-227-3678","1992-10-06","370391838508482","1DE4D95A"
"O668007308","Nehru U. Lopez","714-68-9791","886-3237 In Avenue","Lafayette","Louisiana",51571,"1-607-970-5076","1995-01-16","373462225486187","1D2DB6DB"
"I031698742","Ivory W. Herman","987-18-2163","Ap #582-5537 Donec Av.","Springdale","AR",71358,"1-338-745-4860","1973-03-15","372821607825898","0F730076"
"O462317877","Hyacinth T. Wilkinson","036-95-5702","Ap #783-9062 Duis Road","Cambridge","MA",58097,"1-485-299-2362","1966-03-08","379105743761587","8DF93A86"
"E732853362","Ulysses O. Larsen","980-07-9254","P.O. Box 833  3721 Ut Road","Atlanta","GA",70463,"1-792-888-6589","1985-04-30","4261682233194260","D29D5370"
"S686632402","Sonia X. Lara","607-98-9861","Ap #127-8368 Accumsan Road","Kaneohe","Hawaii",50686,"1-885-638-1291","1961-08-10","372806663446643","524148F2"
"H772619722","Delilah Y. Stephenson","724-60-7039","P.O. Box 335  3663 Mi Ave","Gillette","Wyoming",85776,"1-128-899-2576","1984-06-03","4084283645464860","B3119B7D"
"F308612879","Lyle Q. Horne","026-48-5417","P.O. Box 834  350 In Road","Casper","Wyoming",92056,"1-227-806-4695","1979-12-01","377556388265511","54E54C77"
"Z990217131","Owen I. Ferguson","587-72-8877","P.O. Box 677  5263 Neque Ave","Wilmington","DE",96171,"1-587-777-1686","1979-06-26","372511940278445","F0F7F509"
"W395163850","Winifred J. Barnes","695-47-9318","578-6832 Dui Ave","Boston","MA",25326,"1-616-148-1788","1992-05-06","4035288852430040","16608390"
"L287504630","Dean W. Salas","874-99-5034","8562 Eget  Street","Overland Park","KS",85662,"1-832-735-3325","1974-11-21","4863078814869930","3C2EF190"
"J915338788","Kamal Q. Alston","485-33-4963","6560 Massa. Av.","Harrisburg","Pennsylvania",67033,"1-535-797-0391","1972-08-04","370878941029912","C328DD60"
"J696253372","Sloane I. Dickson","005-27-4880","316-8936 Et  St.","Columbus","Ohio",92966,"1-567-225-7588","1983-04-08","5419509802228840","3E8B5ED6"
"D830778511","Geoffrey J. Avery","678-08-5923","P.O. Box 879  7030 Feugiat Road","Rutland","Vermont",14941,"1-255-661-6225","1960-10-06","4959011640197130","DAE89E11"
"R390189646","MacKensie K. Barlow","333-20-0773","845-2996 Vulputate Rd.","Fort Collins","Colorado",86157,"1-176-752-5725","1971-08-08","4826329549565170","376F9BD4"
"G141340185","Macon W. Lang","460-62-1088","1914 Tincidunt St.","Miami","Florida",25409,"1-331-404-2773","1969-09-11","4759508601346550","B21B2845"
"D994340903","Roanna L. Knapp","033-39-0201","991-8624 Varius Rd.","Anchorage","AK",99804,"1-305-111-7061","1995-01-01","5439826296806720","C62510AF"
"I575639999","Cedric S. Hahn","874-83-1765","961-481 Luctus Avenue","Covington","Kentucky",70322,"1-312-771-3721","1961-09-23","5402184085600040","D85681B5"
"H558983791","Brett P. Willis","156-04-3218","865-6839 Morbi St.","Louisville","Kentucky",95886,"1-337-927-6400","1979-07-04","5449540883987320","04E729A9"
"J253679435","Elvis X. Long","761-67-8508","P.O. Box 794  7586 In Rd.","Chesapeake","VA",87230,"1-735-852-5172","1983-07-07","377954538335307","0FDCF52D"
"Y684480068","Angelica P. Mclean","818-76-0418","Ap #745-3717 Sed Av.","Mesa","Arizona",85055,"1-130-616-8799","1986-04-26","4531235717347010","70E59169"
"X537243764","Boris Z. Anthony","563-49-0000","355-6092 Malesuada St.","Fort Smith","Arkansas",72956,"1-647-463-2204","1984-07-17","4000953946740060","1D0C2D6E"
"Q757875221","Emerald M. Good","085-60-2546","Ap #451-7652 Proin Avenue","Cleveland","OH",39834,"1-409-736-0014","1993-06-15","4261748332562560","938243A1"
"H259964175","Forrest N. Carpenter","525-06-4742","Ap #281-366 Quis  St.","Southaven","Mississippi",46980,"1-732-563-6697","1995-07-12","370926029667848","62FF3751"
"F276859154","Constance N. Jacobson","223-48-8721","607-6802 Nascetur Rd.","Wilmington","Delaware",46706,"1-146-280-8035","1973-03-03","5460727019399930","49A57AAB"
"C868004053","Ella K. Lane","258-71-5312","Ap #628-7826 Lorem Avenue","Gaithersburg","Maryland",36075,"1-122-476-0871","1972-07-17","4490389719468800","3635A91E"
"D483348412","Marcia Z. Turner","485-23-4809","P.O. Box 213  1352 Sagittis Road","Las Vegas","NV",67427,"1-465-950-1751","1964-01-13","5478732081106060","C2A82454"
"F833032902","Charde D. Mann","126-88-6507","Ap #938-2184 Velit. St.","Southaven","Mississippi",57419,"1-625-647-4261","1984-08-01","4154518850671200","A19FBF8B"
"Q697307021","Bell Y. Gallegos","650-51-2331","1185 Euismod Rd.","Allentown","Pennsylvania",77280,"1-680-117-0918","1994-06-28","5422849957986940","EF2D127D"
"I263403367","Castor L. Mayo","813-22-0366","P.O. Box 237  1307 Nascetur Ave","Provo","Utah",55586,"1-579-594-6661","1992-07-26","5486343182007510","FB44B1F2"
"D597055342","Quail D. Vance","500-60-9284","Ap #292-512 At Rd.","College","AK",99997,"1-311-634-3910","1981-09-21","5475856249218340","735E4A8A"
"U992552922","Lois Q. Maynard","383-48-2134","P.O. Box 350  6868 Laoreet  Rd.","Henderson","NV",71057,"1-992-133-6635","1964-03-13","4028980616967810","C7F1134C"
"M098465163","Molly B. Webb","950-48-2429","P.O. Box 529  6149 Tristique Street","Omaha","Nebraska",87080,"1-717-367-2239","1981-04-24","4102332470033720","11B6D5D6"
"H809476795","Eric L. Estrada","801-64-7303","772-1513 Fringilla Road","Owensboro","Kentucky",33461,"1-909-623-1895","1982-02-25","5442312901829830","C3CEF2B6"
"B337117877","Serina Z. Manning","314-51-1928","3832 Nunc St.","Dover","DE",99798,"1-828-234-3415","1976-08-23","372980514180996","DEA1AE86"
"J571838476","Cassidy X. Byrd","373-89-4257","P.O. Box 554  6685 Justo. Street","Tallahassee","FL",28453,"1-109-455-6972","1976-05-22","5477777271374330","B1D7183E"
"S140859351","Cameron P. Macdonald","282-39-2889","Ap #425-2055 Nisi St.","Tucson","AZ",85918,"1-318-936-6311","1980-02-04","4215773083642830","08239F87"
"A690450532","Jason W. Kane","505-71-8660","118-8159 Aliquam St.","Salt Lake City","UT",37951,"1-603-859-4323","1988-06-03","4973045053497220","1287402B"
"B808929121","Jolene L. Lyons","417-48-6545","P.O. Box 386  1521 A  Road","Laramie","WY",96696,"1-659-686-4859","1965-09-04","4286285649385230","D54123DE"
"Z107681567","William C. Delaney","456-67-3353","P.O. Box 538  4360 Orci St.","Erie","PA",42578,"1-953-726-0519","1977-10-22","4293539505661880","4FF57F0B"
"Y880915712","Camilla K. Alford","923-89-7906","611-4015 Fringilla Av.","Gary","Indiana",89209,"1-303-151-4146","1984-03-28","5405173372016380","E86004BE"
"D396662512","Gail E. Flores","467-49-1898","3203 Duis Street","Tuscaloosa","Alabama",36718,"1-449-763-6522","1963-12-18","5419068988589460","F0E867FB"
"C442390539","Veronica S. Cherry","719-41-4541","P.O. Box 709  4737 Litora Rd.","Sandy","UT",29715,"1-244-685-0914","1993-02-26","4461708533733310","D9374FD5"
"Y227539051","Gray I. Sutton","448-31-1602","Ap #528-5570 Lorem Road","College","Alaska",99987,"1-326-924-6278","1990-09-04","5470604212388890","ED6F2060"
"W121430510","Lareina Q. Hamilton","073-26-2916","Ap #130-6382 Cum Street","Montgomery","AL",35314,"1-857-775-8111","1967-07-15","4709683591953050","1CAC2E47"
"L042357412","Xantha L. Macdonald","217-27-7792","220-8002 Nulla Rd.","Bellevue","WA",30067,"1-993-824-8578","1980-04-16","376303709865021","E1DEDA4C"
"V473920425","Iliana M. Patrick","382-78-3644","Ap #421-4318 Morbi Avenue","Fort Wayne","IN",80360,"1-451-442-9739","1969-11-01","5495440937003190","9CAA05AE"
"M070933808","Hayes R. Manning","644-62-3932","8723 Diam St.","Saint Louis","Missouri",66267,"1-359-974-3292","1963-02-10","5414877706098770","384C96B5"
"N397827983","Daria H. Caldwell","830-93-8050","Ap #277-6143 Luctus Road","Detroit","Michigan",52547,"1-497-250-1539","1966-05-23","4833122934756780","D8548EE6"
"Y551894834","Venus G. Young","335-06-5336","Ap #156-7234 In Road","Clarksville","Tennessee",39730,"1-446-646-8313","1992-04-16","4050471558463570","1210E6C2"
"O499781767","Brock K. Foley","184-88-2608","4951 Ipsum Av.","San Francisco","CA",93775,"1-844-621-9869","1990-09-18","5401260426926940","58070C52"
"L675118442","Hall B. Marks","682-98-2112","Ap #745-3807 Eu Av.","Nampa","ID",40343,"1-894-505-3238","1971-12-22","370295344162935","387C447C"
"Z527743480","Mollie Y. Mcmillan","629-30-6693","7113 Ipsum Rd.","Glendale","AZ",86048,"1-430-113-7529","1992-11-27","373380895387519","2920B948"
"Q908387769","Felix H. Hinton","550-18-6168","P.O. Box 871  7027 Ipsum Road","Stamford","CT",44763,"1-522-805-6786","1988-01-08","5404646369984250","C4F9FCFB"
"J317154701","Petra C. Bender","250-12-6526","Ap #444-218 Non Road","Columbia","MO",39125,"1-175-265-1539","1989-08-12","376760185081376","A8CEE66E"
"R906081387","Amery A. Frost","040-33-6866","3376 Etiam St.","Fayetteville","Arkansas",71106,"1-631-662-7542","1994-03-14","5467003072851530","B543B2A3"
"E224398815","Macaulay O. Albert","311-25-9518","508-1494 Tincidunt Av.","Kapolei","HI",67163,"1-941-941-4963","1978-06-11","5440076572569900","8BCBB4C1"
"R484060169","Jesse I. Head","445-53-0288","Ap #947-6029 Erat Av.","Tallahassee","Florida",73126,"1-321-931-8833","1982-08-17","4378915196557130","B0A1CAFD"
"N316759622","Omar H. Wong","517-24-6282","316-2522 Felis Ave","Great Falls","Montana",67197,"1-872-969-1380","1981-05-05","5427304156373130","1DFFD68E"
"R994901507","Patience D. Whitfield","942-38-7760","Ap #835-3693 Ante St.","Tulsa","Oklahoma",68121,"1-200-481-5619","1960-09-17","5402345653162710","311A6D5B"
"B363128476","Ethan V. Maddox","698-31-0184","P.O. Box 374  9093 Metus. St.","Rockville","Maryland",69321,"1-153-963-0232","1962-04-07","4702470167261340","B0952D81"
"U024632099","Gwendolyn F. Forbes","902-49-5318","5846 Sed  Rd.","South Bend","IN",99379,"1-634-178-6064","1975-06-07","5456224383741630","D079B341"
"Z818901786","Stephanie L. Hunter","822-27-1205","P.O. Box 418  1513 Quis Rd.","Oklahoma City","Oklahoma",63368,"1-388-537-5280","1972-01-05","4303186934647450","2D5A68DD"
"J190604433","Levi X. Owens","054-16-3650","P.O. Box 466  9384 Magna. Av.","Kansas City","KS",86609,"1-387-198-8671","1966-09-29","5422388059268280","7CA2552F"
"A649547974","Dale J. Roberson","515-32-1407","Ap #217-2664 Donec Av.","Athens","Georgia",61480,"1-610-172-2725","1960-04-05","372602597527656","EE79CB98"
"M281389268","Griffin Q. Durham","882-47-9757","840-119 Proin Av.","Lansing","Michigan",97955,"1-158-586-6820","1977-07-13","5427482351752410","EAD595AC"
"T633521617","Marsden D. Oconnor","777-04-1004","Ap #367-5858 Lacinia St.","Hattiesburg","Mississippi",98255,"1-461-163-8002","1980-10-23","373895583995319","9AE56C69"
"I287248336","Bethany Q. Barker","040-67-4831","Ap #670-3589 Facilisis Rd.","Fairbanks","Alaska",99952,"1-621-717-5365","1969-01-24","4747273589166610","0D326E09"
"X117921961","Dorothy K. Barron","537-69-9008","541-1815 Ullamcorper  Rd.","Lowell","MA",19640,"1-821-728-5926","1979-12-05","5485461511365040","2FE8980F"
"M198441193","Oprah C. Mcmahon","433-52-4372","610-9042 Dui  St.","San Antonio","Texas",36407,"1-642-639-4211","1973-03-11","376171488637785","7850E83F"
"Z054100678","Brock W. Stokes","356-33-2034","1866 Et Avenue","Jonesboro","Arkansas",72575,"1-262-247-7524","1961-08-04","375704977769232","670A7F46"
"F603250367","Ingrid M. Gilmore","401-27-6796","P.O. Box 283  5993 Diam St.","Hillsboro","Oregon",75776,"1-459-988-8937","1987-04-06","5462801160248920","00476816"
"A245096139","Luke Q. Alford","515-71-2797","Ap #794-3456 Tincidunt  Street","San Jose","California",96284,"1-843-268-7184","1985-12-22","371957564424096","182DC6B9"
"B388342979","Imelda A. Spence","098-05-0533","1680 Mollis Avenue","Essex","Vermont",71075,"1-735-181-7273","1992-10-20","371455280098558","C21C1A4D"
"O792540377","Kelsey I. Miles","090-78-6593","P.O. Box 414  7393 Metus. St.","Louisville","Kentucky",47097,"1-335-530-1782","1989-02-18","4505850824100520","EB624DBE"
"E524113115","Tanisha H. Murphy","149-02-0563","Ap #827-7064 Laoreet Rd.","Baltimore","MD",49787,"1-255-673-3846","1995-10-13","4138515403760500","73BDBF95"
"F519205186","Griffith V. Dejesus","679-91-0097","P.O. Box 646  9588 Mattis. Rd.","Las Vegas","Nevada",68798,"1-410-163-5356","1969-05-03","5446021187459060","9AC3D96B"
"Q157199851","Alfonso N. Munoz","092-83-8940","Ap #660-3943 Magnis Street","Denver","Colorado",88516,"1-497-269-3208","1984-06-18","4295372751821500","CA0CEC7F"
"S364493854","Gregory U. Rosa","065-53-3966","2785 Tortor Av.","Sacramento","CA",93850,"1-177-981-3681","1978-04-19","4073396364628680","21945E7F"
"X631206829","Silas P. Booth","106-23-6026","Ap #909-1133 Fermentum Rd.","Clarksville","TN",60737,"1-302-588-0359","1995-06-14","4813777170989480","7E5CB842"
"B271505223","Katell W. Montgomery","946-15-3120","Ap #887-4371 Gravida Street","Worcester","Massachusetts",62442,"1-122-851-4854","1973-12-14","4520173260368050","33E335AC"
"W034638473","Zane H. Fowler","239-61-6839","Ap #879-1724 Ipsum Ave","Jefferson City","Missouri",34281,"1-674-957-1151","1995-09-09","373346668449490","12CE6D8C"
"A512099289","Daniel Z. Grimes","144-10-7978","4704 Nullam Rd.","Gresham","OR",93961,"1-464-759-4702","1962-08-30","5444648458135300","F123B11B"
"J063827885","Minerva M. Espinoza","405-80-9850","P.O. Box 375  2958 Amet St.","Paradise","Nevada",37907,"1-939-617-5652","1963-01-25","371257144384771","8766A70E"
"W303861209","Kareem Y. Lancaster","993-64-5476","726-8640 Per Av.","Duluth","MN",85564,"1-412-419-1097","1981-04-30","5478580790745960","1EF79462"
"K958778315","Noel F. Bates","748-22-9836","Ap #718-9007 Felis  Av.","Columbus","Georgia",59067,"1-512-370-6342","1969-06-23","377579385508305","7DD047C5"
"J954503854","Driscoll L. Day","259-41-5735","Ap #388-7590 Interdum Street","Minneapolis","Minnesota",74111,"1-410-203-1702","1991-11-22","4851281131576770","41214F55"
"D229492874","Roth T. Caldwell","445-15-7504","6708 Tempor Avenue","Bridgeport","Connecticut",38767,"1-759-214-9778","1986-05-24","372556792772816","501A4E61"
"J973672831","Anne A. Holt","349-10-0027","P.O. Box 896  1397 Fringilla  Road","Salem","Oregon",76803,"1-279-738-4307","1978-12-07","379421636987138","E8557282"
"U571019354","Mufutau Q. Mueller","589-80-9696","3966 Quisque Road","Biloxi","MS",15485,"1-635-576-1172","1990-12-12","5421350904063760","01F41D71"
"S132897093","Anjolie W. Boone","124-65-4216","2865 Suscipit Road","Cincinnati","Ohio",88146,"1-323-282-6462","1972-03-28","4620352400765250","5ACA6F08"
"L507976060","Hermione J. Albert","793-31-6855","6441 Nulla St.","Bridgeport","Connecticut",12396,"1-923-818-6592","1991-07-20","5491402481018000","7B2C21EA"
"Y387860095","Jarrod G. Stewart","678-37-7833","Ap #175-1896 Vulputate  Ave","Fort Collins","CO",78216,"1-818-910-7900","1967-09-22","5480527156749700","B45B7246"
"K458197120","Colby B. Riddle","561-06-6161","Ap #787-7580 Dapibus Rd.","Pittsburgh","PA",64249,"1-899-934-8120","1962-01-16","5484524549600630","AB1CF2AA"
"T849390568","Carlos F. Mendoza","364-69-6267","2215 Fermentum St.","Frankfort","Kentucky",73007,"1-110-885-9124","1969-02-13","371262216320429","5BCA1FC5"
"O463826474","Brent A. Parker","832-76-3982","318-8288 Luctus  Av.","Reading","PA",76435,"1-997-490-3687","1962-10-20","4725220832703880","130790FE"
"F272037891","Cassady L. Andrews","179-80-7446","963-952 Urna St.","Casper","Wyoming",37517,"1-134-429-9368","1988-09-04","4057555447900070","A5D78811"
"D894730245","Jermaine E. Weiss","999-03-9048","P.O. Box 749  4132 Curae; Street","Cedar Rapids","Iowa",68624,"1-331-540-3225","1979-08-11","5418856845478560","419487A6"
"O534406921","Shay Z. Carpenter","369-08-1340","Ap #844-7594 Rutrum  Ave","Covington","KY",89649,"1-769-198-6528","1979-06-18","5413043009272880","759BBC81"
"T676193909","Lev J. Beach","948-97-0476","212-5830 Metus Avenue","Richmond","VA",22562,"1-419-878-4676","1968-02-13","4933660507473050","7D7BE59D"
"C528136477","Adrian G. Mcleod","029-95-0015","Ap #248-1619 Tortor  St.","Cincinnati","OH",16158,"1-687-857-0516","1974-08-19","5462033001283170","21639091"
"U450990496","Quemby U. Lester","098-85-2617","P.O. Box 127  4458 Mollis. Ave","Bear","Delaware",73376,"1-135-572-9081","1992-10-25","4026635404975780","E186F745"
"P106810304","Zahir C. Odom","444-85-5305","8188 Donec Av.","Baton Rouge","Louisiana",45253,"1-336-721-4315","1983-08-24","5444349637084240","81E1BE31"
"W201923475","Zachary P. Alexander","197-45-8502","2449 Risus. Ave","Hattiesburg","Mississippi",82802,"1-849-959-0827","1965-10-11","375075874620401","92F2ECA6"
"X939405106","Thor Z. House","152-21-0630","287-5117 Turpis Road","Gillette","Wyoming",76765,"1-522-124-7079","1977-08-18","372663384881147","8FEAA233"
"G931301206","Nicholas M. Ryan","193-72-6757","Ap #845-1948 Adipiscing St.","Newark","DE",54480,"1-882-439-5904","1992-04-10","5457293639215710","2B44D508"
"R250745877","Odette T. Bonner","726-50-0100","Ap #504-5156 Molestie St.","Grand Rapids","Michigan",10298,"1-358-373-4968","1984-09-12","5443264761983560","4739EE3B"
"T938103509","Ahmed U. Walton","192-58-3848","Ap #914-890 Tincidunt Road","Helena","Montana",62644,"1-688-212-1203","1965-02-28","378543146897348","CCC0C17A"
"W898644197","Cheryl G. Shepherd","162-46-2434","P.O. Box 445  8109 Arcu. Road","Huntsville","Alabama",36953,"1-290-676-8999","1992-04-22","373909701816511","7FB754C0"
"G950930448","Hilel M. Mckay","679-49-8283","1781 Magnis Rd.","South Portland","ME",12711,"1-770-806-1979","1969-08-15","370306490874302","A388F562"
"Y329418122","Garth E. Gilmore","552-22-0290","P.O. Box 507  8118 Ipsum. Avenue","Bridgeport","CT",75075,"1-162-471-6785","1978-12-17","4621471544573270","10328971"
"N040304075","Erica K. Dillon","755-37-3224","Ap #408-1393 Fringilla St.","Tulsa","OK",71749,"1-721-622-9259","1973-06-08","5458394249622400","0D596915"
"R981031477","Tanya Q. Fuentes","098-75-9751","836-6341 Vulputate  Rd.","Shreveport","LA",53452,"1-522-630-9411","1987-04-13","4477447711823290","3EA291DC"
"V084799001","Price O. Walton","434-65-8006","2282 Fringilla  St.","Huntsville","Alabama",35767,"1-999-149-4615","1988-11-22","5479190291593350","6B106B19"
"R797259379","Honorato I. Hopkins","633-74-7474","Ap #306-9161 Massa Ave","Nampa","ID",82006,"1-281-592-8491","1979-09-15","371961633477720","C7EE488D"
"R252419765","Fulton D. Barlow","026-56-3811","585-5538 Duis Street","Carson City","Nevada",25019,"1-872-288-0987","1966-06-15","4651801626308860","ABE0CCDC"
"H041343820","Cullen A. Juarez","250-33-8119","Ap #195-4332 Ut St.","Dover","DE",76447,"1-851-879-7070","1990-04-19","4530736324713290","40178C2A"
"I277605060","Raven Z. Cummings","515-24-4284","303-653 Ullamcorper St.","Burlington","Vermont",24762,"1-333-711-8277","1963-12-10","5432406292470310","3609D62F"
"R928118572","Eden L. Cote","594-47-7741","Ap #864-8017 Ut  Av.","Gulfport","Mississippi",56816,"1-992-799-8435","1967-11-11","4193096568273700","F3FC4FC7"
"B633855047","Quentin J. Haney","116-45-9355","7298 Natoque Av.","San Francisco","California",91140,"1-934-912-0483","1990-01-01","4332428268466930","05C8BD5D"
"E466826537","Aquila V. Rhodes","220-68-7173","982-9198 A  Rd.","Aurora","Illinois",57024,"1-649-635-4299","1993-01-16","4209678214318360","4FFFE881"
"H940499449","Jasmine P. Butler","415-47-8836","181-6065 Dolor St.","Kenosha","WI",24057,"1-762-854-4900","1992-05-30","5452626284114160","CCA40327"
"O990292764","Keelie Z. Douglas","502-45-2432","P.O. Box 570  1909 Adipiscing Rd.","Kapolei","Hawaii",15872,"1-482-147-0711","1990-09-13","371051652756078","2ED927E9"
"Z833846103","Kenyon X. Moss","810-24-7965","804-4597 Semper St.","Billings","Montana",26809,"1-929-726-2063","1989-11-17","5414413668513520","07C903CE"
"Z552617408","Alisa E. Bullock","255-17-6135","389-7675 Eget  Rd.","Aurora","Colorado",96360,"1-287-638-9602","1966-05-11","378300217538697","D677F029"
"T784032583","Rebecca V. Holland","316-08-1636","5893 Est. St.","Honolulu","HI",71018,"1-810-587-1593","1965-02-24","5430196315418230","256D98E9"
"F861360202","Sybill T. Nielsen","771-50-4229","8396 Eu Street","Wichita","Kansas",97673,"1-729-283-3964","1967-01-14","5485722679548270","9782DB60"
"G844661108","Ingrid N. Reilly","129-45-0183","P.O. Box 781  4503 Sed St.","Kailua","HI",60123,"1-216-710-2928","1992-11-18","377565016827466","DD4BDBCE"
"G175104344","Mufutau S. Terrell","774-94-5240","479-9776 Malesuada St.","Salem","OR",49932,"1-273-579-2612","1977-03-04","4458965198126660","1EE4E10C"
"V994999634","Sebastian T. Byrd","947-78-1037","747-8448 Dictum. Ave","San Jose","CA",92072,"1-485-611-4452","1962-02-22","5442128754364720","AF0F1AD0"
"S485551207","Darrel F. Santos","018-17-2223","P.O. Box 190  2111 Nulla St.","St. Petersburg","FL",28743,"1-903-905-8134","1995-03-28","5416788837020580","AD26D95A"
"G185555555","Jerry K. Huffman","114-09-5849","740-8298 Mi. Rd.","Tampa","Florida",98971,"1-473-287-3383","1988-03-07","371764170942237","28FDC9B1"
"C385962505","Phoebe L. Rivera","825-94-6141","902-3703 Eget Ave","Frankfort","KY",75321,"1-353-996-2401","1992-05-07","372306464955359","8D2EFBA4"
"C956497177","Mollie I. Contreras","822-24-3363","P.O. Box 410  6323 Fermentum Street","Joliet","IL",82387,"1-397-718-3536","1979-05-22","5415829405858640","E62E4120"
"H809578049","Kay X. Pope","189-60-3993","P.O. Box 555  8812 Lacus. Rd.","Salem","OR",17962,"1-645-242-1556","1962-09-12","4748787884916870","6078AB6D"
"G599660379","Pamela N. Pennington","398-96-7528","P.O. Box 139  725 Mollis Avenue","Fort Collins","CO",12552,"1-659-339-7789","1993-11-27","377688238824185","468344CE"
"A292835256","Trevor R. Briggs","596-52-1482","Ap #835-4655 Sociis St.","Billings","Montana",32226,"1-601-187-3191","1962-09-25","371712913521662","C196451D"
"R846733723","Margaret C. Dudley","307-47-1577","7824 Fusce Ave","San Diego","CA",94955,"1-412-881-3337","1967-09-13","378178504405571","9197E484"
"W858763794","Larissa D. Shields","524-85-8067","2114 At  Street","Southaven","MS",89627,"1-521-347-9222","1976-03-25","371251827281417","AD26D95A"
"I879232592","Driscoll P. Lowe","474-80-7755","3959 Nulla Ave","Jacksonville","FL",54282,"1-443-533-1133","1965-02-28","4613158848046320","4D075195"
"V581683921","Aubrey H. Briggs","395-02-8235","P.O. Box 934  4197 Sagittis St.","Shreveport","LA",44317,"1-637-559-8293","1989-06-23","5415375699194340","DE482C7E"
"O399125223","Lunea Y. Cunningham","600-98-1800","Ap #962-9328 A Avenue","Frankfort","Kentucky",64810,"1-656-388-8437","1961-12-13","4658949867568110","1EAB3DFD"
"V754587988","Isabella R. Lynch","071-42-3611","Ap #210-2756 Lacus  Street","Little Rock","Arkansas",72898,"1-853-131-4630","1978-09-16","5495256466797930","DAC455B4"
"G872221470","Odysseus O. Gould","658-46-8371","2536 Non  St.","Provo","UT",23672,"1-845-676-5331","1989-01-06","4022533647236730","1B365A4D"
"W219158412","Melinda C. Petersen","932-24-4516","P.O. Box 683  7614 Interdum. Street","Racine","WI",67841,"1-598-235-9892","1990-11-04","4487032790077400","9F14025A"
"D870513270","Otto A. Hurley","698-39-1183","P.O. Box 157  3568 Maecenas Street","Lakewood","CO",22278,"1-837-394-0119","1989-01-10","5494145695166420","485419D8"
"G131055524","Alfreda S. Hebert","313-65-0611","P.O. Box 272  8051 Ullamcorper  St.","Mobile","Alabama",35944,"1-829-670-4682","1976-12-13","4132653999028540","85119ADC"
"M478606105","Brent B. Howell","170-55-8269","Ap #987-9873 Magna Ave","Gary","Indiana",76978,"1-994-432-8283","1977-12-25","373191207003859","5A026936"
"M717146381","Elaine F. Ball","083-54-6085","Ap #375-6715 Scelerisque  Ave","Great Falls","Montana",46238,"1-649-443-3012","1967-11-15","5473139575332130","4427DC2E"
"M476459775","Yoshi G. Anderson","997-52-1442","2610 Fringilla Rd.","South Portland","ME",85171,"1-180-806-2323","1978-11-12","4326353207372800","AB1CF2AA"
"Q721128102","Sacha A. Wells","296-89-7403","P.O. Box 791  4884 Arcu St.","College","Alaska",99764,"1-383-512-6759","1966-01-02","4145722280086820","6786BCC9"
"M547868155","Kai J. Shannon","435-59-9623","Ap #190-120 Lectus Rd.","Madison","WI",40544,"1-526-559-0650","1977-05-18","371801915501249","4A081BFF"
"G188806492","Anne J. Byers","241-97-2388","4389 Consectetuer Av.","Vancouver","WA",30889,"1-790-846-1072","1971-12-01","374754025327576","567C3816"
"T075309056","Irma O. Colon","183-98-1659","Ap #293-2047 Lectus. Rd.","South Burlington","Vermont",49358,"1-257-691-0383","1966-12-11","375208926396632","3C426AAF"
"I864184712","Quynn G. Moody","852-12-2357","P.O. Box 695  2222 Erat Avenue","Tacoma","Washington",75291,"1-193-789-7300","1984-06-09","4358915447077980","884E789E"
"J423720613","Adara U. Lester","547-35-8483","689-5210 Integer Avenue","Meridian","Idaho",12793,"1-849-705-9578","1969-01-08","373372141857242","087CF646"
"X536620415","Aquila N. Bennett","355-12-8874","Ap #100-8197 Mattis Ave","Minneapolis","MN",37307,"1-526-510-4121","1977-01-03","374419363031109","EC2E990B"
"M349329219","Magee J. David","804-80-7936","233 Non  Avenue","Nashville","Tennessee",52553,"1-120-165-3826","1976-11-09","4698765043651440","49D180EC"
"N672195341","Ashton I. Smith","475-11-3322","482-1811 Commodo Rd.","Omaha","NE",70245,"1-973-986-0193","1974-03-28","4612354664397820","DA084465"
"U897216054","Ifeoma E. Klein","078-21-7615","868-4846 Leo  Ave","Frederick","MD",32314,"1-927-351-0575","1972-05-21","4384359603672690","5F9E5489"
"E768105561","Adria Q. Collier","994-95-6320","9256 Cum Ave","Topeka","KS",72036,"1-398-816-8552","1968-04-03","5445069386847080","52D38D82"
"H624771482","Amela D. Nicholson","027-15-4647","825-6310 Sed Rd.","Colchester","VT",22484,"1-328-474-4363","1968-12-04","375232668450061","B47F1606"
"V748982157","Kiayada B. Raymond","544-53-7542","195-8773 Molestie Ave","Saint Paul","Minnesota",96308,"1-892-419-7957","1984-10-01","4800741681379950","4023F322"
"F299062454","Henry O. Maynard","040-87-5746","Ap #124-3862 Adipiscing  Rd.","Columbus","GA",25823,"1-495-277-3349","1963-10-25","5449332227444700","6440E6A9"
"Z455814799","Melodie F. Pennington","977-26-6006","2729 Nascetur Ave","Las Vegas","NV",14799,"1-982-603-0107","1983-05-14","4058212703809570","ED1311C3"
"E522909576","Rowan N. Flynn","028-68-9452","Ap #607-9908 Egestas Avenue","Augusta","Georgia",17842,"1-121-807-8642","1988-01-05","370507927233201","3F613C55"
"I638167147","Clarke H. Robles","942-08-1978","P.O. Box 143  2510 Gravida Road","Butte","MT",48007,"1-132-680-0245","1971-11-22","370838584054656","B366C0EF"
"J695935898","Willa P. Cash","135-83-6410","188-5066 Lorem Rd.","Auburn","ME",40663,"1-323-118-2114","1995-11-05","4683753569756420","B88C399B"
"X792517509","Phoebe N. Blevins","743-10-8098","971 Interdum. Avenue","Tuscaloosa","Alabama",35646,"1-636-512-1432","1974-12-27","4960500512303830","38FC9516"
"M644353361","Desiree B. Payne","830-01-7814","974-1236 Ac Ave","Miami","Florida",34336,"1-551-528-0054","1976-03-02","372492885560963","04AD2618"
"G747319173","Shelby E. Mcintyre","576-64-6763","P.O. Box 816  5660 Tortor. Avenue","Bangor","Maine",46116,"1-585-317-9416","1980-10-04","371462393056802","8B5551EA"
"S911433589","Ruth Z. Byrd","513-50-3951","771-2023 Convallis St.","West Jordan","UT",90238,"1-400-834-2069","1975-10-05","5478894428885250","6BACB4F2"
"C683272182","Karyn Y. Kirkland","942-17-6469","3186 Pretium Av.","Eugene","OR",97969,"1-144-958-4517","1973-04-22","376259821376545","1E12C1E0"
"R684668379","Holly Z. Tate","368-86-9407","5500 Dui. St.","Rock Springs","Wyoming",75473,"1-701-532-7215","1979-12-11","4377742325228950","EDA7CA2E"
"I113554925","Wanda A. Richmond","447-53-9929","7131 Aliquam Rd.","Covington","KY",47504,"1-225-926-4088","1984-09-21","373885388868503","D6D69814"
"W612172831","Harper I. Chase","224-20-5146","P.O. Box 826  705 Tortor Rd.","Wyoming","WY",46178,"1-417-611-7280","1995-04-03","376095014366224","C3CEF2B6"
"K958460952","Scarlett X. Kim","125-96-3335","3479 Lorem St.","Clarksville","TN",63386,"1-957-125-7214","1989-02-22","378252874271691","5D389F5E"
"N059706068","Ifeoma T. Velasquez","833-61-5752","944 Consectetuer Ave","Worcester","MA",49760,"1-872-187-7922","1963-06-10","5494205967049700","5DC3C370"
"S157209787","Gil F. Dale","232-65-3985","755-3229 Dolor Ave","Sioux City","Iowa",69974,"1-142-707-7292","1975-08-06","5453351104186080","584FE3EB"
"O579741518","Samuel L. Ray","189-11-5334","P.O. Box 838  4250 Hendrerit Avenue","New Haven","Connecticut",18033,"1-417-402-0212","1993-02-08","4784029920467560","EE262F06"
"Q638084631","Timon Q. Jefferson","991-48-7832","891-5720 Malesuada Avenue","Tacoma","WA",10715,"1-806-861-2265","1990-07-15","5471652348383140","0341B5DD"
"Z003957255","Sloane R. Maxwell","285-85-1420","8407 Nec Av.","Rochester","MN",92699,"1-200-367-6775","1988-08-16","372477445035243","D2ADDCC9"
"W325190707","Ezekiel A. Wagner","180-64-3947","6141 Ac Rd.","Tulsa","OK",42139,"1-806-534-5014","1973-04-24","5428227948660400","D26FC733"
"X360834878","Jeanette C. Newman","255-89-4873","8090 Sit St.","Reno","NV",92193,"1-167-298-8458","1974-07-07","4412225058886000","57C5119A"
"G263493248","Risa T. Haynes","503-71-9348","P.O. Box 755  4750 Dui Avenue","Juneau","AK",99911,"1-817-470-5388","1985-01-23","5440746134703320","4332CD76"
"H929432551","Travis Q. Francis","775-10-2842","330-1584 Arcu. Rd.","Fort Worth","Texas",43716,"1-822-904-7873","1981-12-31","5477221605057480","0930901F"
"L945615920","Beatrice N. Sweeney","805-17-7108","682-8953 Sed St.","Juneau","AK",99710,"1-286-699-5702","1977-01-15","372363137575491","1158E7E1"
"M924084357","Alec S. Joyner","598-81-4056","576-4083 Enim St.","Augusta","ME",35333,"1-497-240-5212","1984-06-29","372034693337620","72C2A3E4"
"N095745842","Berk V. Boyer","021-57-6805","P.O. Box 207  6806 In Street","Allentown","Pennsylvania",93645,"1-545-973-5604","1960-09-11","376837552785646","34A2B99C"
"R899505136","Vernon B. Serrano","522-58-1452","Ap #271-5916 Ut Ave","Wilmington","DE",10064,"1-256-548-4483","1966-09-24","5422111734222790","6D240BC6"
"B572311846","Plato A. Lancaster","082-92-7120","Ap #733-4453 Egestas Av.","Rockville","Maryland",31453,"1-525-597-5098","1984-02-26","5409267419613540","D982309A"
"O181085171","Abigail R. Carver","125-00-7207","3581 Suspendisse St.","Kaneohe","Hawaii",68368,"1-289-695-5188","1962-06-25","5408641091541590","B65C621C"
"B302154693","Rae G. Fields","474-22-7153","Ap #760-1419 Eget Rd.","Los Angeles","CA",96299,"1-393-534-8452","1968-11-07","5461619909999520","E0698009"
"S849105256","Melvin N. Summers","100-11-7594","3205 Fringilla  Street","Sterling Heights","MI",63333,"1-188-559-4176","1968-04-21","375128769781969","E6C3B6F7"
"J251655862","Ariel F. Levy","747-78-6294","9379 Sapien Rd.","Huntsville","Alabama",35427,"1-810-112-7986","1979-02-09","5452098369935700","23E3CA33"